<?xml version="1.0" encoding="UTF-8"?>
<!DOCTYPE mapper PUBLIC "-//mybatis.org//DTD Mapper 3.0//EN"
        "http://mybatis.org/dtd/mybatis-3-mapper.dtd">
<mapper namespace="com.glc.demo.user.dao.IssueDao">
    <!-- 创建issue -->
    <insert id="insertIssue" parameterType="com.glc.demo.user.entity.IssueEntity">
         INSERT INTO `issue`.`issue` (
                `issueId`,
                `title`,
                `founder`,
                `iCreateTime`,
                `reviser`,
                `issueStatus`,
                `planTime`,
                `actualTime`,
                `userId1`,
                `userId2`,
                `type`,
                `grade`,
                `version`,
                `step`,
                `plan`
            )
            VALUES(
                  #{issueId},                
                  #{title},
                  #{founder},
                  #{iCreateTime},
                  #{reviser},
                  #{issueStatus},
                  #{planTime},
                  #{actualTime},
                  #{userId1},
                  #{userId2},
                  #{type},
                  #{grade},
                  #{version},
                  #{step},
                  #{plan}
           );
    </insert>
 
     <!-- 修改issue -->
    <update id="updateIssue" parameterType="com.glc.demo.user.entity.IssueEntity">
    
       UPDATE issue
       <trim prefix="set" suffixOverrides=",">
       <if test="title!=null and title!=''">title=#{title},</if>
       <if test="founder!=null and founder!=''">founder=#{founder},</if>
       <if test="iCreateTime!=null and iCreateTime!=''">iCreateTime=#{iCreateTime},</if>
       <if test="reviser!=null and reviser!=''">reviser=#{reviser},</if>
       <if test="issueStatus!=null and issueStatus!=''">issueStatus=#{issueStatus},</if>
       <if test="planTime!=null and planTime!=''">planTime=#{planTime},</if>
       <if test="actualTime!=null and actualTime!=''">actualTime=#{actualTime},</if>
       <if test="type!=null and type!=''">type=#{type},</if>
       <if test="grade!=null and grade!=''">grade=#{grade},</if>
       <if test="version!=null and version!=''">version=#{version},</if>
       <if test="step!=null and step!=''">step=#{step},</if>
       <if test="plan!=null and plan!=''">plan=#{plan},</if>
       </trim>
       WHERE issueId=#{issueId}
    </update>
 
    <!-- 删除issue -->
    <delete id="deleteIssue"  parameterType="java.lang.Integer">
       DELETE FROM issue 
          WHERE issueId=${issueId};
    </delete>
 
    <!-- 查询issue列表（大于，&gt；小于，&lt;） -->
    <select id="queryIssue" resultType="com.glc.demo.user.entity.IssueEntity" parameterType="java.lang.Integer">
<!--        SELECT issueId, title, founder, iCreateTime, reviser, issueStatus, planTime, actualTime
          FROM issue
           WHERE issueId LIKE "%"#{issueId}"%" and issueStatus LIKE "%"#{issueStatus}"%" 
            and founder LIKE "%"#{founder}"%" and reviser LIKE "%"#{reviser}"%";
            and iCreateTime &gt;= #{iCreateTime1} and iCreateTime &lt;= #{iCreateTime2}
            and actualTime &gt;= #{actualTime1} and actualTime &lt;= #{actualTime2}; -->
          SELECT issueId, title, founder, iCreateTime, reviser, issueStatus, planTime, actualTime
          FROM issue
          <where>
           <!-- <if test="issueId != null and issueId != ''">
             AND issueId LIKE CONCAT(CONCAT("%",#{issueId}),"%")     
            </if>
            <if test="issueStatus != null and issueStatus != ''">
              AND issueStatus LIKE "%"#{issueStatus}"%"
            </if>
             <if test="founder != null and founder != ''">
              AND founder LIKE "%"#{founder}"%"
            </if>
            <if test="reviser != null and reviser != ''">
              AND reviser LIKE "%"#{reviser}"%"  
            </if>
            <if test="iCreateTime1 != null">
              AND iCreateTime &gt;= #{iCreateTime1}
            </if>
            <if test="iCreateTime2 != null">
              AND iCreateTime &lt;= #{iCreateTime2}
            </if>
             <if test="actualTime1 != null">
              AND actualTime &gt;= #{actualTime1}
            </if>
            <if test="actualTime2 != null">
              AND actualTime &lt;= #{actualTime2}
            </if> --> 
            
            <if test="issueId!=null and issueStatus!=null and founder!=null and reviser!=null and iCreateTime1 != null and iCreateTime2 != null and actualTime1 != null and actualTime2 != null">
             issueId LIKE "%"#{issueId}"%" and issueStatus LIKE "%"#{issueStatus}"%" and founder LIKE "%"#{founder}"%" and reviser LIKE "%"#{reviser}"%"
             AND iCreateTime &gt;= #{iCreateTime1} AND iCreateTime &lt;= #{iCreateTime2}
             AND actualTime &gt;= #{actualTime1} AND actualTime &lt;= #{actualTime2}
            </if> 
            
            
          </where>
            
            
            <!-- <![CDATA[ and iCreateTime  >=  #{iCreateTime1} ]]> -->
            <!-- <![CDATA[ and iCreateTime  <=  #{iCreateTime2}  ]]> -->
            <!-- <if test="iCreateTime1 == null">
              AND iCreateTime1 = "0001-01-01"
            </if> 
             <if test="iCreateTime2 != null and iCreateTime2==''">
              AND iCreateTime2 = "9999-12-31"
            </if>   -->         
    </select>
 
    <!-- 查询所有issue列表 -->
    <select id="listIssue" resultType="com.glc.demo.user.entity.IssueEntity" parameterType="java.util.Map">
        SELECT issueId, title, founder, iCreateTime, reviser, issueStatus, planTime, actualTime
          FROM issue;
    </select>
    
    <!-- 统计报表查询 -->
    <select id="formIssue" resultType="com.glc.demo.user.entity.IssueEntity" parameterType="java.lang.Integer">
        select distinct t.userId1,t.founder,t1.crtCnt,t2.slvCnt,t3.tttCnt,ROUND(t3.tttCnt/t2.slvCnt*100,0)as percent from issue t 
        left join
        (select founder, count(issueId) crtCnt from issue group by  founder) t1
        on t.founder = t1.founder
        left join
        (select reviser, count(issueId) slvCnt from issue  group by  reviser) t2
        on t.founder = t2.reviser
        left join
        (select reviser, count(issueId) tttCnt from issue  where issueStatus='已关闭' group by  reviser) t3
        on t.founder = t3.reviser
    <where>
         <if test="founder!=null">
             AND t.founder LIKE "%"#{founder}"%"
         </if>
         <if test="userId1!=null">
             AND t.userId1 LIKE "%"#{userId1}"%"
         </if>
    </where>
    </select>
      
</mapper>