<?xml version="1.0" encoding="UTF-8" ?>
<!DOCTYPE mapper
        PUBLIC "-//mybatis.org//DTD Mapper 3.0//EN"
        "http://mybatis.org/dtd/mybatis-3-mapper.dtd">
<mapper namespace="com.issue.springboot.mapper.UserMapper">

    <resultMap type="com.issue.springboot.bean.User" id="User">
        <id column="id" property="id"/>
        <result column="uid" property="uid"/>
        <result column="password" property="password"/>
    </resultMap>

    <select id="loginQuery"  parameterType="com.issue.springboot.bean.User" resultMap="User">
        select uid, password from user
        where uid = #{uid} and password = #{password}
    </select>
    
    <insert id="insertQuery" parameterType="com.issue.springboot.bean.User">
        INSERT INTO user(id,uid,name,email,password) VALUES (#{id},#{uid},#{eMail},#{password})
    </insert>
    
    
<!-- 下面是旧的 -->
    <select id="getUserById" resultType="com.issue.springboot.bean.User">
        SELECT * FROM user WHERE id=#{id}
    </select>

    <insert id="insertUser">
        INSERT INTO user(id,uid,name,email,password) VALUES (#{id},#{uid},#{eMail},#{password})
    </insert>
    
    <update id="updateUser">
    	update user set
    		uid=#{uid},
        	name=#{name},
        	email=#{eMail},
        	password=#{password}
        where id=#{id}
    </update>
    
	<delete id="deleteUser" >
        DELETE FROM user WHERE id=#{id}
    </delete>    
</mapper>

<!-- <?xml version="1.0" encoding="UTF-8" ?>
<!DOCTYPE mapper
        PUBLIC "-//mybatis.org//DTD Mapper 3.0//EN"
        "http://mybatis.org/dtd/mybatis-3-mapper.dtd">
<mapper namespace="com.issue.springboot.mapper.UserMapper">
   <select id="getUserById" resultType="com.issue.springboot.bean.User">
        SELECT * FROM user WHERE id=#{id}
    </select>

    <insert id="insertUser">
        INSERT INTO user(id,uid,name,email,password) VALUES (#{id},#{uid},#{eMail},#{password})
    </insert>
    
    <update id="updateUser">
    	update user set
    		uid=#{uid},
        	name=#{name},
        	email=#{eMail},
        	password=#{password}
        where id=#{id}
    </update>
    
	<delete id="deleteUser" >
        DELETE FROM user WHERE id=#{id}
    </delete>    
    
</mapper> -->
